{
  "dataset": "Cora",
  "seeds": [
    42,
    43,
    44
  ],
  "epochs": 300,
  "linkpred": {
    "test_auc": 0.8313193796830723,
    "test_ap": 0.8351199309996842,
    "val_auc": 0.8478942879035405
  },
  "baselines": {
    "logistic_regression": 0.576,
    "deepwalk": 0.696
  },
  "models": {
    "sage": {
      "acc_mean": 0.7843333333333334,
      "acc_std": 0.008219218670625309,
      "f1_mean": 0.776787651729955,
      "f1_std": 0.005439856811660962,
      "accs": [
        0.783,
        0.775,
        0.795
      ]
    },
    "gcn": {
      "acc_mean": 0.8073333333333333,
      "acc_std": 0.008339997335464491,
      "f1_mean": 0.8003413372981045,
      "f1_std": 0.005709118985938321,
      "accs": [
        0.803,
        0.8,
        0.819
      ]
    },
    "gat": {
      "acc_mean": 0.8036666666666669,
      "acc_std": 0.004189935029992182,
      "f1_mean": 0.7977258349272209,
      "f1_std": 0.006370506912247899,
      "accs": [
        0.805,
        0.798,
        0.808
      ]
    },
    "gin": {
      "acc_mean": 0.7063333333333334,
      "acc_std": 0.05377318621353541,
      "f1_mean": 0.6820545097997623,
      "f1_std": 0.08427004583872925,
      "accs": [
        0.631,
        0.735,
        0.753
      ]
    }
  },
  "aggregators": {
    "SAGE-mean": {
      "acc_mean": 0.7843333333333334,
      "acc_std": 0.008219218670625309,
      "f1_mean": 0.776787651729955,
      "f1_std": 0.005439856811660962,
      "accs": [
        0.783,
        0.775,
        0.795
      ]
    },
    "SAGE-max (pool)": {
      "acc_mean": 0.7636666666666666,
      "acc_std": 0.02028683207293727,
      "f1_mean": 0.7594231698005703,
      "f1_std": 0.019947209302157015,
      "accs": [
        0.779,
        0.777,
        0.735
      ]
    },
    "SAGE-sum": {
      "acc_mean": 0.7703333333333333,
      "acc_std": 0.009533566430716735,
      "f1_mean": 0.759727325907059,
      "f1_std": 0.006785478153542883,
      "accs": [
        0.76,
        0.783,
        0.768
      ]
    },
    "GAT (attention)": {
      "acc_mean": 0.8036666666666669,
      "acc_std": 0.004189935029992182,
      "f1_mean": 0.7977258349272209,
      "f1_std": 0.006370506912247899,
      "accs": [
        0.805,
        0.798,
        0.808
      ]
    }
  },
  "features": {
    "Raw attributes": {
      "acc_mean": 0.7843333333333334,
      "acc_std": 0.008219218670625309,
      "f1_mean": 0.776787651729955,
      "f1_std": 0.005439856811660962,
      "accs": [
        0.783,
        0.775,
        0.795
      ]
    },
    "SNA features only": {
      "acc_mean": 0.34766666666666673,
      "acc_std": 0.01144066820115366,
      "f1_mean": 0.34654412840411086,
      "f1_std": 0.014818004226794015,
      "accs": [
        0.359,
        0.332,
        0.352
      ]
    },
    "Raw + SNA features": {
      "acc_mean": 0.7906666666666666,
      "acc_std": 0.0033993463423951926,
      "f1_mean": 0.7819743047599758,
      "f1_std": 0.004888241085240223,
      "accs": [
        0.792,
        0.786,
        0.794
      ]
    }
  },
  "depth": {
    "1": {
      "acc_mean": 0.702,
      "acc_std": 0.0016329931618554536,
      "f1_mean": 0.6931369115997196,
      "f1_std": 0.0026240173843134953,
      "accs": [
        0.7,
        0.702,
        0.704
      ]
    },
    "2": {
      "acc_mean": 0.7843333333333334,
      "acc_std": 0.008219218670625309,
      "f1_mean": 0.776787651729955,
      "f1_std": 0.005439856811660962,
      "accs": [
        0.783,
        0.775,
        0.795
      ]
    },
    "3": {
      "acc_mean": 0.8063333333333333,
      "acc_std": 0.0024944382578492965,
      "f1_mean": 0.7928674590703592,
      "f1_std": 0.004381883138729165,
      "accs": [
        0.809,
        0.803,
        0.807
      ]
    },
    "4": {
      "acc_mean": 0.8043333333333335,
      "acc_std": 0.005906681715556456,
      "f1_mean": 0.794548018629437,
      "f1_std": 0.00622726558626872,
      "accs": [
        0.809,
        0.796,
        0.808
      ]
    }
  },
  "labelrate": {
    "0.05": 0.134,
    "0.1": 0.597,
    "0.2": 0.622,
    "0.4": 0.734,
    "1.0": 0.813
  },
  "sampling": {
    "fixed": 0.7990000247955322,
    "adaptive": 0.8190000057220459
  },
  "community": {
    "Louvain (structure)": {
      "nmi": 0.4481023644886552,
      "ari": 0.2615125265492736,
      "n_communities": 102
    },
    "KMeans on raw features": {
      "nmi": 0.14682672508190892,
      "ari": 0.06806284823668479
    },
    "KMeans on GraphSAGE emb.": {
      "nmi": 0.5741585577174274,
      "ari": 0.5591936928501969
    }
  }
}